{"dimnames": {"Year": [1989, 1990, 1991, 1992, 1993, 1994, 1995, 1996, 1997, 1998, 1999, 2000, 2001, 2002, 2003, 2004, 2005, 2006, 2007, 2008, 2009, 2010, 2011, 2012, 2013, 2014, 2015, 2016, 2017, 2018, 2019, 2020, 2021, 2022, 2023, 2024, 2025, 2026, 2027, 2028, 2029, 2030, 2031, 2032, 2033, 2034, 2035, 2036, 2037, 2038, 2039, 2040, 2041, 2042, 2043, 2044, 2045, 2046]}, "Year": [1989.5, 1990.5, 1991.5, 1992.5, 1993.5, 1994.5, 1995.5, 1996.5, 1997.5, 1998.5, 1999.5, 2000.5, 2001.5, 2002.5, 2003.5, 2004.5, 2005.5, 2006.5, 2007.5, 2008.5, 2009.5, 2010.5, 2011.5, 2012.5, 2013.5, 2014.5, 2015.5, 2016.5, 2017.5, 2018.5, 2019.5, 2020.5, 2021.5, 2022.5, 2023.5, 2024.5, 2025.5, 2026.5, 2027.5, 2028.5, 2029.5, 2030.5, 2031.5, 2032.5, 2033.5, 2034.5, 2035.5, 2036.5, 2037.5, 2038.5, 2039.5, 2040.5, 2041.5, 2042.5, 2043.5, 2044.5, 2045.5, 2046.5], "N": [852012718.0, 870452215.0, 888941801.0, 907574093.0, 926351348.0, 945262006.0, 964279181.0, 983281265.0, 1002335289.0, 1021434631.0, 1040500103.0, 1059633725.0, 1078970954.0, 1098313085.0, 1117415172.0, 1136264628.0, 1154638764.0, 1172373838.0, 1189691862.0, 1206734856.0, 1223640210.0, 1240613670.0, 1257621244.0, 1274487266.0, 1291132120.0, 1307246561.0, 1322866554.0, 1338636391.0, 1354195731.0, 1369003359.0, 1383112097.0, 1396387177.0, 1407563889.0, 1417173223.0, 1428627712.0, 1441719904.0, 1454606770.0, 1467231263.0, 1479578573.0, 1491671103.0, 1503470648.0, 1514994123.0, 1526208943.0, 1537108090.0, 1547689888.0, 1557919861.0, 1567802314.0, 1577302860.0, 1586438668.0, 1595245833.0, 1603664901.0, 1611676382.0, 1619318404.0, 1626585422.0, 1633430578.0, 1639837823.0, 1645863239.0, 1651513811.0], "RateDeath": [0.010956645133083564, 0.010690854523243415, 0.010456245830203681, 0.010230673254795077, 0.010020721640921064, 0.009806455714036178, 0.009612748239972631, 0.009419404528164177, 0.00922945156328822, 0.009050649664138908, 0.008875862648521044, 0.008701888003800558, 0.008558811491416664, 0.00836365889240043, 0.008188319104011592, 0.008040303970458544, 0.007877533029022747, 0.007745083270955761, 0.0076445231664533314, 0.007560127193342627, 0.0074812709856927635, 0.007385349058744452, 0.007267059970243315, 0.007118425771701669, 0.006960405415365238, 0.006789972347075847, 0.006671570139341508, 0.006602912530561856, 0.006592741208397739, 0.006645764555790253, 0.006710170506158186, 0.007349163017987238, 0.00944868087618295, 0.009075821354267854, 0.006557568442295483, 0.006611400712131668, 0.006669868585858431, 0.006731223120073335, 0.006794734786957475, 0.006858747869703822, 0.00692621436531031, 0.006992739337510948, 0.007063169855898295, 0.007138138866994058, 0.007212733692035339, 0.007293137012007064, 0.007375559977646519, 0.007459466598570676, 0.007544296064775446, 0.007630990627386268, 0.007720306774987526, 0.007812307198034003, 0.007899971968699987, 0.007992125605070129, 0.008087209935897257, 0.008181915803999601, 0.008271492234234172, 0.008364343614926027], "RateBirth": [0.032549, 0.031816, 0.03142299999999999, 0.030914000000000004, 0.030285, 0.029841000000000006, 0.029361, 0.028786000000000003, 0.028274, 0.027784, 0.027260000000000006, 0.027000999999999997, 0.026728000000000002, 0.026081999999999998, 0.025375, 0.024728, 0.023940000000000003, 0.023219999999999998, 0.022713, 0.022275999999999997, 0.021934000000000002, 0.021438, 0.020945, 0.020420999999999998, 0.019934999999999994, 0.019049, 0.018765, 0.018514, 0.017911000000000003, 0.017651, 0.017049, 0.016571999999999996, 0.016419, 0.016266999999999997, 0.016135999999999998, 0.015951000000000003, 0.015795000000000003, 0.015550999999999999, 0.015392999999999999, 0.015191999999999999, 0.014998, 0.014834, 0.014609000000000002, 0.014454000000000003, 0.014249999999999999, 0.014066999999999998, 0.013880000000000002, 0.013666999999999999, 0.013512000000000001, 0.013356, 0.013141000000000002, 0.012974, 0.012810999999999998, 0.012644, 0.01244, 0.012263, 0.012127000000000002, 0.011962999999999998], "RateAgeing": [0.0, 0.0, 0.0, 0.0, 0.0, 0.0, 0.0, 0.0, 0.0, 0.0, 0.0, 0.0, 0.0, 0.0, 0.0, 0.0, 0.0, 0.0, 0.0, 0.0, 0.0, 0.0, 0.0, 0.0, 0.0, 0.0, 0.0, 0.0, 0.0, 0.0, 0.0, 0.0, 0.0, 0.0, 0.0, 0.0, 0.0, 0.0, 0.0, 0.0, 0.0, 0.0, 0.0, 0.0, 0.0, 0.0, 0.0, 0.0, 0.0, 0.0, 0.0, 0.0, 0.0, 0.0, 0.0, 0.0, 0.0, 0.0], "Deaths": [9335201.0, 9305878.0, 9294994.0, 9285094.0, 9282709.0, 9269670.0, 9269373.0, 9261924.0, 9251005.0, 9244647.0, 9235336.0, 9220814.0, 9234709.0, 9185916.0, 9149752.0, 9135913.0, 9095705.0, 9080133.0, 9094627.0, 9123069.0, 9154384.0, 9162365.0, 9139209.0, 9072343.0, 8986803.0, 8876168.0, 8825597.0, 8838899.0, 8927862.0, 9098074.0, 9280918.0, 10262277.0, 13299622.0, 12862011.0, 9368324.0, 9531788.0, 9702036.0, 9876261.0, 10053344.0, 10230996.0, 10413360.0, 10593959.0, 10779873.0, 10972091.0, 11163075.0, 11362123.0, 11563420.0, 11765838.0, 11968563.0, 12173306.0, 12380785.0, 12590911.0, 12792570.0, 12999875.0, 13209896.0, 13417015.0, 13613745.0, 13813829.0], "Births": [27732161.958182, 27694307.67244, 27933218.212822996, 28056745.511002004, 28054550.57418, 28207563.521046005, 28312201.033341, 28304734.49429, 28340027.961186, 28379539.787704, 28364032.807780005, 28611170.208724998, 28838735.658512004, 28646201.882969998, 28354409.9895, 28097551.721184, 27642052.010160003, 27222520.518359996, 27021471.261606, 26881225.652255997, 26839324.36614, 26596275.85746, 26340876.95558, 26026304.458986, 25738718.812199995, 24901739.740489, 24823590.88581, 24783514.142973997, 24254999.737941004, 24164278.289709, 23580678.141753003, 23140928.297243997, 23110791.493491, 23053156.818540998, 23052336.760831997, 22996874.188704003, 22975513.932150006, 22816913.370913, 22775152.974189, 22661467.396776, 22549052.778704, 22473422.820582, 22296386.448287003, 22217360.332860004, 22054580.904, 21915258.684686996, 21761096.118320003, 21556998.18762, 21435959.282016, 21306103.345548, 21073760.464041002, 20909889.380068, 20745088.073643997, 20566546.075768, 20319876.39032, 20109331.223449, 19959383.499353003, 19757059.720992997], "Ageings": [0.0, 0.0, 0.0, 0.0, 0.0, 0.0, 0.0, 0.0, 0.0, 0.0, 0.0, 0.0, 0.0, 0.0, 0.0, 0.0, 0.0, 0.0, 0.0, 0.0, 0.0, 0.0, 0.0, 0.0, 0.0, 0.0, 0.0, 0.0, 0.0, 0.0, 0.0, 0.0, 0.0, 0.0, 0.0, 0.0, 0.0, 0.0, 0.0, 0.0, 0.0, 0.0, 0.0, 0.0, 0.0, 0.0, 0.0, 0.0, 0.0, 0.0, 0.0, 0.0, 0.0, 0.0, 0.0, 0.0, 0.0, 0.0], "RateMig": [0.0, 8.7929696255604e-05, -8.702010576821205e-05, -7.378223478385348e-05, 7.7817451369833e-05, 2.7637629602584105e-05, -3.371270986063553e-05, -1.465903359120467e-05, -1.195182245939709e-05, -5.0686110690138786e-05, -2.7800333040211428e-05, -0.00014658509615700713, -0.0002445393161281603, -0.0002154538599372091, -0.00020346759029910531, -0.00030580889643050564, -0.00042340120584151604, -0.0005236837920466093, -0.0006262492432277901, -0.0006490396058213546, -0.0006092465267164195, -0.00035727890450901276, -0.00021002933034890234, -0.0001550075467166498, -0.00028685379296174845, -0.00011983916958198566, -0.0002293044822103277, -0.00020859438783094215, -0.00010440679097962688, -0.000442687995936184, -0.00043790795999345405, -0.0004641136731046132, 0.0004154659231323729, 0.00023807046887604037, -0.0009898402469463389, -0.000329472324983723, -0.00035551976415311003, -0.00030948480835327544, -0.00033880824476351275, -0.00032432311476121665, -0.0003149971398908064, -0.000336426293757657, -0.0003006860949866805, -0.0003280177465478642, -0.0003133636742128831, -0.00031858309383098714, -0.00032246126548971226, -0.00029950960932700974, -0.000312285136986723, -0.000325426976675436, -0.0002975440585366489, -0.0003051251021977189, -0.00030726094282069495, -0.00031361124055984645, -0.00029589666633247566, -0.0002900386787609878, -0.0003082309312023683, -0.00017427641976421743]}