{"tp_bac": [0.73984, 0.544, 0.7224999999999999, 0], "fp_bac": [0.03366000000000003, 0.017000000000000015, 0.017000000000000015, 0], "test_tb_ssm": [0.85, 0.85, 0, 0], "test_tb_xpert": [0.306, 0, 0.85, 0], "test_nontb_ssm": [0.85, 0.85, 0, 0], "test_nontb_xpert": [0.833, 0, 0.85, 0]}